분류,회사,키워드,키워드유형,활성화,비고
North America,AMC Theatres,news,common,1,
North America,AMC Theatres,press release,common,1,
North America,AMC Theatres,CinemaCon,common,1,
North America,AMC Theatres,opening,common,1,
North America,AMC Theatres,launch,common,1,
North America,AMC Theatres,expansion,common,1,
North America,AMC Theatres,partnership,common,1,
North America,AMC Theatres,earnings,common,1,
North America,AMC Theatres,premium format,common,1,
North America,AMC Theatres,earnings,재무,1,
North America,Regal,news,common,1,
North America,Regal,press release,common,1,
North America,Regal,CinemaCon,common,1,
North America,Regal,opening,common,1,
North America,Regal,launch,common,1,
North America,Regal,expansion,common,1,
North America,Regal,partnership,common,1,
North America,Regal,earnings,common,1,
North America,Regal,premium format,common,1,
North America,Regal,quarterly results,재무,1,
North America,Cinemark USA,news,common,1,
North America,Cinemark USA,press release,common,1,
North America,Cinemark USA,CinemaCon,common,1,
North America,Cinemark USA,opening,common,1,
North America,Cinemark USA,launch,common,1,
North America,Cinemark USA,expansion,common,1,
North America,Cinemark USA,partnership,common,1,
North America,Cinemark USA,earnings,common,1,
North America,Cinemark USA,premium format,common,1,
North America,Cinemark USA,annual results,재무,1,
North America,Cineplex,news,common,1,
North America,Cineplex,press release,common,1,
North America,Cineplex,CinemaCon,common,1,
North America,Cineplex,opening,common,1,
North America,Cineplex,launch,common,1,
North America,Cineplex,expansion,common,1,
North America,Cineplex,partnership,common,1,
North America,Cineplex,earnings,common,1,
North America,Cineplex,premium format,common,1,
North America,Cineplex,guidance,재무,1,
North America,Landmark Cinemas,news,common,1,
North America,Landmark Cinemas,press release,common,1,
North America,Landmark Cinemas,CinemaCon,common,1,
North America,Landmark Cinemas,opening,common,1,
North America,Landmark Cinemas,launch,common,1,
North America,Landmark Cinemas,expansion,common,1,
North America,Landmark Cinemas,partnership,common,1,
North America,Landmark Cinemas,earnings,common,1,
North America,Landmark Cinemas,premium format,common,1,
North America,Landmark Cinemas,outlook,재무,1,
North America,Marcus Theatres,news,common,1,
North America,Marcus Theatres,press release,common,1,
North America,Marcus Theatres,CinemaCon,common,1,
North America,Marcus Theatres,opening,common,1,
North America,Marcus Theatres,launch,common,1,
North America,Marcus Theatres,expansion,common,1,
North America,Marcus Theatres,partnership,common,1,
North America,Marcus Theatres,earnings,common,1,
North America,Marcus Theatres,premium format,common,1,
North America,Marcus Theatres,investor presentation,재무,1,
North America,B&B Theatres,news,common,1,
North America,B&B Theatres,press release,common,1,
North America,B&B Theatres,CinemaCon,common,1,
North America,B&B Theatres,opening,common,1,
North America,B&B Theatres,launch,common,1,
North America,B&B Theatres,expansion,common,1,
North America,B&B Theatres,partnership,common,1,
North America,B&B Theatres,earnings,common,1,
North America,B&B Theatres,premium format,common,1,
North America,B&B Theatres,shareholder letter,재무,1,
North America,Harkins Theatres,news,common,1,
North America,Harkins Theatres,press release,common,1,
North America,Harkins Theatres,CinemaCon,common,1,
North America,Harkins Theatres,opening,common,1,
North America,Harkins Theatres,launch,common,1,
North America,Harkins Theatres,expansion,common,1,
North America,Harkins Theatres,partnership,common,1,
North America,Harkins Theatres,earnings,common,1,
North America,Harkins Theatres,premium format,common,1,
North America,Harkins Theatres,debt,재무,1,
North America,Santikos Entertainment,news,common,1,
North America,Santikos Entertainment,press release,common,1,
North America,Santikos Entertainment,CinemaCon,common,1,
North America,Santikos Entertainment,opening,common,1,
North America,Santikos Entertainment,launch,common,1,
North America,Santikos Entertainment,expansion,common,1,
North America,Santikos Entertainment,partnership,common,1,
North America,Santikos Entertainment,earnings,common,1,
North America,Santikos Entertainment,premium format,common,1,
North America,Santikos Entertainment,refinancing,재무,1,
North America,Malco Theatres,news,common,1,
North America,Malco Theatres,press release,common,1,
North America,Malco Theatres,CinemaCon,common,1,
North America,Malco Theatres,opening,common,1,
North America,Malco Theatres,launch,common,1,
North America,Malco Theatres,expansion,common,1,
North America,Malco Theatres,partnership,common,1,
North America,Malco Theatres,earnings,common,1,
North America,Malco Theatres,premium format,common,1,
North America,Malco Theatres,liquidity,재무,1,
North America,Showcase Cinemas,news,common,1,
North America,Showcase Cinemas,press release,common,1,
North America,Showcase Cinemas,CinemaCon,common,1,
North America,Showcase Cinemas,opening,common,1,
North America,Showcase Cinemas,launch,common,1,
North America,Showcase Cinemas,expansion,common,1,
North America,Showcase Cinemas,partnership,common,1,
North America,Showcase Cinemas,earnings,common,1,
North America,Showcase Cinemas,premium format,common,1,
North America,Showcase Cinemas,cash,재무,1,
North America,Galaxy Theatres,news,common,1,
North America,Galaxy Theatres,press release,common,1,
North America,Galaxy Theatres,CinemaCon,common,1,
North America,Galaxy Theatres,opening,common,1,
North America,Galaxy Theatres,launch,common,1,
North America,Galaxy Theatres,expansion,common,1,
North America,Galaxy Theatres,partnership,common,1,
North America,Galaxy Theatres,earnings,common,1,
North America,Galaxy Theatres,premium format,common,1,
North America,Galaxy Theatres,cash burn,재무,1,
North America,Megaplex Theatres,news,common,1,
North America,Megaplex Theatres,press release,common,1,
North America,Megaplex Theatres,CinemaCon,common,1,
North America,Megaplex Theatres,opening,common,1,
North America,Megaplex Theatres,launch,common,1,
North America,Megaplex Theatres,expansion,common,1,
North America,Megaplex Theatres,partnership,common,1,
North America,Megaplex Theatres,earnings,common,1,
North America,Megaplex Theatres,premium format,common,1,
North America,Megaplex Theatres,free cash flow,재무,1,
North America,Reading Cinemas,news,common,1,
North America,Reading Cinemas,press release,common,1,
North America,Reading Cinemas,CinemaCon,common,1,
North America,Reading Cinemas,opening,common,1,
North America,Reading Cinemas,launch,common,1,
North America,Reading Cinemas,expansion,common,1,
North America,Reading Cinemas,partnership,common,1,
North America,Reading Cinemas,earnings,common,1,
North America,Reading Cinemas,premium format,common,1,
North America,Reading Cinemas,operating cash flow,재무,1,
North America,CMX Cinemas,news,common,1,
North America,CMX Cinemas,press release,common,1,
North America,CMX Cinemas,CinemaCon,common,1,
North America,CMX Cinemas,opening,common,1,
North America,CMX Cinemas,launch,common,1,
North America,CMX Cinemas,expansion,common,1,
North America,CMX Cinemas,partnership,common,1,
North America,CMX Cinemas,earnings,common,1,
North America,CMX Cinemas,premium format,common,1,
North America,CMX Cinemas,capex,재무,1,
North America,Alamo Drafthouse Cinema,news,common,1,
North America,Alamo Drafthouse Cinema,press release,common,1,
North America,Alamo Drafthouse Cinema,CinemaCon,common,1,
North America,Alamo Drafthouse Cinema,opening,common,1,
North America,Alamo Drafthouse Cinema,launch,common,1,
North America,Alamo Drafthouse Cinema,expansion,common,1,
North America,Alamo Drafthouse Cinema,partnership,common,1,
North America,Alamo Drafthouse Cinema,earnings,common,1,
North America,Alamo Drafthouse Cinema,premium format,common,1,
North America,Alamo Drafthouse Cinema,leverage,재무,1,
North America,MJR Theatres,news,common,1,
North America,MJR Theatres,press release,common,1,
North America,MJR Theatres,CinemaCon,common,1,
North America,MJR Theatres,opening,common,1,
North America,MJR Theatres,launch,common,1,
North America,MJR Theatres,expansion,common,1,
North America,MJR Theatres,partnership,common,1,
North America,MJR Theatres,earnings,common,1,
North America,MJR Theatres,premium format,common,1,
North America,MJR Theatres,net debt,재무,1,
North America,Maya Cinemas,news,common,1,
North America,Maya Cinemas,press release,common,1,
North America,Maya Cinemas,CinemaCon,common,1,
North America,Maya Cinemas,opening,common,1,
North America,Maya Cinemas,launch,common,1,
North America,Maya Cinemas,expansion,common,1,
North America,Maya Cinemas,partnership,common,1,
North America,Maya Cinemas,earnings,common,1,
North America,Maya Cinemas,premium format,common,1,
North America,Maya Cinemas,interest expense,재무,1,
North America,Cobb Theatres,news,common,1,
North America,Cobb Theatres,press release,common,1,
North America,Cobb Theatres,CinemaCon,common,1,
North America,Cobb Theatres,opening,common,1,
North America,Cobb Theatres,launch,common,1,
North America,Cobb Theatres,expansion,common,1,
North America,Cobb Theatres,partnership,common,1,
North America,Cobb Theatres,earnings,common,1,
North America,Cobb Theatres,premium format,common,1,
North America,Cobb Theatres,maturity,재무,1,
North America,Classic Cinemas,news,common,1,
North America,Classic Cinemas,press release,common,1,
North America,Classic Cinemas,CinemaCon,common,1,
North America,Classic Cinemas,opening,common,1,
North America,Classic Cinemas,launch,common,1,
North America,Classic Cinemas,expansion,common,1,
North America,Classic Cinemas,partnership,common,1,
North America,Classic Cinemas,earnings,common,1,
North America,Classic Cinemas,premium format,common,1,
North America,Classic Cinemas,debt maturity,재무,1,
North America,Studio Movie Grill,news,common,1,
North America,Studio Movie Grill,press release,common,1,
North America,Studio Movie Grill,CinemaCon,common,1,
North America,Studio Movie Grill,opening,common,1,
North America,Studio Movie Grill,launch,common,1,
North America,Studio Movie Grill,expansion,common,1,
North America,Studio Movie Grill,partnership,common,1,
North America,Studio Movie Grill,earnings,common,1,
North America,Studio Movie Grill,premium format,common,1,
North America,Studio Movie Grill,covenant,재무,1,
North America,National Amusements,news,common,1,
North America,National Amusements,press release,common,1,
North America,National Amusements,CinemaCon,common,1,
North America,National Amusements,opening,common,1,
North America,National Amusements,launch,common,1,
North America,National Amusements,expansion,common,1,
North America,National Amusements,partnership,common,1,
North America,National Amusements,earnings,common,1,
North America,National Amusements,premium format,common,1,
North America,National Amusements,restructuring,재무,1,
North America,Celebration Cinema,news,common,1,
North America,Celebration Cinema,press release,common,1,
North America,Celebration Cinema,CinemaCon,common,1,
North America,Celebration Cinema,opening,common,1,
North America,Celebration Cinema,launch,common,1,
North America,Celebration Cinema,expansion,common,1,
North America,Celebration Cinema,partnership,common,1,
North America,Celebration Cinema,earnings,common,1,
North America,Celebration Cinema,premium format,common,1,
North America,Celebration Cinema,bankruptcy,재무,1,
North America,Goodrich Quality Theaters,news,common,1,
North America,Goodrich Quality Theaters,press release,common,1,
North America,Goodrich Quality Theaters,CinemaCon,common,1,
North America,Goodrich Quality Theaters,opening,common,1,
North America,Goodrich Quality Theaters,launch,common,1,
North America,Goodrich Quality Theaters,expansion,common,1,
North America,Goodrich Quality Theaters,partnership,common,1,
North America,Goodrich Quality Theaters,earnings,common,1,
North America,Goodrich Quality Theaters,premium format,common,1,
North America,Goodrich Quality Theaters,Chapter 11,재무,1,
North America,Marcus BistroPlex,news,common,1,
North America,Marcus BistroPlex,press release,common,1,
North America,Marcus BistroPlex,CinemaCon,common,1,
North America,Marcus BistroPlex,opening,common,1,
North America,Marcus BistroPlex,launch,common,1,
North America,Marcus BistroPlex,expansion,common,1,
North America,Marcus BistroPlex,partnership,common,1,
North America,Marcus BistroPlex,earnings,common,1,
North America,Marcus BistroPlex,premium format,common,1,
North America,Marcus BistroPlex,going concern,재무,1,
Europe,ODEON Cinemas Group,news,common,1,
Europe,ODEON Cinemas Group,press release,common,1,
Europe,ODEON Cinemas Group,CinemaCon,common,1,
Europe,ODEON Cinemas Group,opening,common,1,
Europe,ODEON Cinemas Group,launch,common,1,
Europe,ODEON Cinemas Group,expansion,common,1,
Europe,ODEON Cinemas Group,partnership,common,1,
Europe,ODEON Cinemas Group,earnings,common,1,
Europe,ODEON Cinemas Group,premium format,common,1,
Europe,ODEON Cinemas Group,box office,운영,1,
Europe,Cineworld,news,common,1,
Europe,Cineworld,press release,common,1,
Europe,Cineworld,CinemaCon,common,1,
Europe,Cineworld,opening,common,1,
Europe,Cineworld,launch,common,1,
Europe,Cineworld,expansion,common,1,
Europe,Cineworld,partnership,common,1,
Europe,Cineworld,earnings,common,1,
Europe,Cineworld,premium format,common,1,
Europe,Cineworld,attendance,운영,1,
Europe,Vue International,news,common,1,
Europe,Vue International,press release,common,1,
Europe,Vue International,CinemaCon,common,1,
Europe,Vue International,opening,common,1,
Europe,Vue International,launch,common,1,
Europe,Vue International,expansion,common,1,
Europe,Vue International,partnership,common,1,
Europe,Vue International,earnings,common,1,
Europe,Vue International,premium format,common,1,
Europe,Vue International,admissions,운영,1,
Europe,Pathé Cinémas,news,common,1,
Europe,Pathé Cinémas,press release,common,1,
Europe,Pathé Cinémas,CinemaCon,common,1,
Europe,Pathé Cinémas,opening,common,1,
Europe,Pathé Cinémas,launch,common,1,
Europe,Pathé Cinémas,expansion,common,1,
Europe,Pathé Cinémas,partnership,common,1,
Europe,Pathé Cinémas,earnings,common,1,
Europe,Pathé Cinémas,premium format,common,1,
Europe,Pathé Cinémas,ATP,운영,1,
Europe,CGR Cinémas,news,common,1,
Europe,CGR Cinémas,press release,common,1,
Europe,CGR Cinémas,CinemaCon,common,1,
Europe,CGR Cinémas,opening,common,1,
Europe,CGR Cinémas,launch,common,1,
Europe,CGR Cinémas,expansion,common,1,
Europe,CGR Cinémas,partnership,common,1,
Europe,CGR Cinémas,earnings,common,1,
Europe,CGR Cinémas,premium format,common,1,
Europe,CGR Cinémas,average ticket price,운영,1,
Europe,Kinepolis,news,common,1,
Europe,Kinepolis,press release,common,1,
Europe,Kinepolis,CinemaCon,common,1,
Europe,Kinepolis,opening,common,1,
Europe,Kinepolis,launch,common,1,
Europe,Kinepolis,expansion,common,1,
Europe,Kinepolis,partnership,common,1,
Europe,Kinepolis,earnings,common,1,
Europe,Kinepolis,premium format,common,1,
Europe,Kinepolis,concession,운영,1,
Europe,UGC,news,common,1,
Europe,UGC,press release,common,1,
Europe,UGC,CinemaCon,common,1,
Europe,UGC,opening,common,1,
Europe,UGC,launch,common,1,
Europe,UGC,expansion,common,1,
Europe,UGC,partnership,common,1,
Europe,UGC,earnings,common,1,
Europe,UGC,premium format,common,1,
Europe,UGC,food and beverage,운영,1,
Europe,Cine Yelmo,news,common,1,
Europe,Cine Yelmo,press release,common,1,
Europe,Cine Yelmo,CinemaCon,common,1,
Europe,Cine Yelmo,opening,common,1,
Europe,Cine Yelmo,launch,common,1,
Europe,Cine Yelmo,expansion,common,1,
Europe,Cine Yelmo,partnership,common,1,
Europe,Cine Yelmo,earnings,common,1,
Europe,Cine Yelmo,premium format,common,1,
Europe,Cine Yelmo,occupancy,운영,1,
Europe,Cineplex Deutschland,news,common,1,
Europe,Cineplex Deutschland,press release,common,1,
Europe,Cineplex Deutschland,CinemaCon,common,1,
Europe,Cineplex Deutschland,opening,common,1,
Europe,Cineplex Deutschland,launch,common,1,
Europe,Cineplex Deutschland,expansion,common,1,
Europe,Cineplex Deutschland,partnership,common,1,
Europe,Cineplex Deutschland,earnings,common,1,
Europe,Cineplex Deutschland,premium format,common,1,
Europe,Cineplex Deutschland,load factor,운영,1,
Europe,Cinema City,news,common,1,
Europe,Cinema City,press release,common,1,
Europe,Cinema City,CinemaCon,common,1,
Europe,Cinema City,opening,common,1,
Europe,Cinema City,launch,common,1,
Europe,Cinema City,expansion,common,1,
Europe,Cinema City,partnership,common,1,
Europe,Cinema City,earnings,common,1,
Europe,Cinema City,premium format,common,1,
Europe,Cinema City,per patron spending,운영,1,
Europe,Picturehouse,news,common,1,
Europe,Picturehouse,press release,common,1,
Europe,Picturehouse,CinemaCon,common,1,
Europe,Picturehouse,opening,common,1,
Europe,Picturehouse,launch,common,1,
Europe,Picturehouse,expansion,common,1,
Europe,Picturehouse,partnership,common,1,
Europe,Picturehouse,earnings,common,1,
Europe,Picturehouse,premium format,common,1,
Europe,Picturehouse,alternative content,운영,1,
Europe,Curzon,news,common,1,
Europe,Curzon,press release,common,1,
Europe,Curzon,CinemaCon,common,1,
Europe,Curzon,opening,common,1,
Europe,Curzon,launch,common,1,
Europe,Curzon,expansion,common,1,
Europe,Curzon,partnership,common,1,
Europe,Curzon,earnings,common,1,
Europe,Curzon,premium format,common,1,
Europe,Curzon,concert,운영,1,
Europe,Everyman Cinemas,news,common,1,
Europe,Everyman Cinemas,press release,common,1,
Europe,Everyman Cinemas,CinemaCon,common,1,
Europe,Everyman Cinemas,opening,common,1,
Europe,Everyman Cinemas,launch,common,1,
Europe,Everyman Cinemas,expansion,common,1,
Europe,Everyman Cinemas,partnership,common,1,
Europe,Everyman Cinemas,earnings,common,1,
Europe,Everyman Cinemas,premium format,common,1,
Europe,Everyman Cinemas,live event,운영,1,
Europe,mk2,news,common,1,
Europe,mk2,press release,common,1,
Europe,mk2,CinemaCon,common,1,
Europe,mk2,opening,common,1,
Europe,mk2,launch,common,1,
Europe,mk2,expansion,common,1,
Europe,mk2,partnership,common,1,
Europe,mk2,earnings,common,1,
Europe,mk2,premium format,common,1,
Europe,mk2,event cinema,운영,1,
Europe,Kinopolis,news,common,1,
Europe,Kinopolis,press release,common,1,
Europe,Kinopolis,CinemaCon,common,1,
Europe,Kinopolis,opening,common,1,
Europe,Kinopolis,launch,common,1,
Europe,Kinopolis,expansion,common,1,
Europe,Kinopolis,partnership,common,1,
Europe,Kinopolis,earnings,common,1,
Europe,Kinopolis,premium format,common,1,
Europe,Kinopolis,opening,투자/확장,1,
Europe,The Space Cinema,news,common,1,
Europe,The Space Cinema,press release,common,1,
Europe,The Space Cinema,CinemaCon,common,1,
Europe,The Space Cinema,opening,common,1,
Europe,The Space Cinema,launch,common,1,
Europe,The Space Cinema,expansion,common,1,
Europe,The Space Cinema,partnership,common,1,
Europe,The Space Cinema,earnings,common,1,
Europe,The Space Cinema,premium format,common,1,
Europe,The Space Cinema,opened,투자/확장,1,
Europe,Multikino,news,common,1,
Europe,Multikino,press release,common,1,
Europe,Multikino,CinemaCon,common,1,
Europe,Multikino,opening,common,1,
Europe,Multikino,launch,common,1,
Europe,Multikino,expansion,common,1,
Europe,Multikino,partnership,common,1,
Europe,Multikino,earnings,common,1,
Europe,Multikino,premium format,common,1,
Europe,Multikino,expansion,투자/확장,1,
Europe,Helios,news,common,1,
Europe,Helios,press release,common,1,
Europe,Helios,CinemaCon,common,1,
Europe,Helios,opening,common,1,
Europe,Helios,launch,common,1,
Europe,Helios,expansion,common,1,
Europe,Helios,partnership,common,1,
Europe,Helios,earnings,common,1,
Europe,Helios,premium format,common,1,
Europe,Helios,rollout,투자/확장,1,
Europe,Nordisk Film Biografer,news,common,1,
Europe,Nordisk Film Biografer,press release,common,1,
Europe,Nordisk Film Biografer,CinemaCon,common,1,
Europe,Nordisk Film Biografer,opening,common,1,
Europe,Nordisk Film Biografer,launch,common,1,
Europe,Nordisk Film Biografer,expansion,common,1,
Europe,Nordisk Film Biografer,partnership,common,1,
Europe,Nordisk Film Biografer,earnings,common,1,
Europe,Nordisk Film Biografer,premium format,common,1,
Europe,Nordisk Film Biografer,partnership,투자/확장,1,
Europe,Filmstaden,news,common,1,
Europe,Filmstaden,press release,common,1,
Europe,Filmstaden,CinemaCon,common,1,
Europe,Filmstaden,opening,common,1,
Europe,Filmstaden,launch,common,1,
Europe,Filmstaden,expansion,common,1,
Europe,Filmstaden,partnership,common,1,
Europe,Filmstaden,earnings,common,1,
Europe,Filmstaden,premium format,common,1,
Europe,Filmstaden,signed,투자/확장,1,
Europe,Finnkino,news,common,1,
Europe,Finnkino,press release,common,1,
Europe,Finnkino,CinemaCon,common,1,
Europe,Finnkino,opening,common,1,
Europe,Finnkino,launch,common,1,
Europe,Finnkino,expansion,common,1,
Europe,Finnkino,partnership,common,1,
Europe,Finnkino,earnings,common,1,
Europe,Finnkino,premium format,common,1,
Europe,Finnkino,acquisition,투자/확장,1,
Europe,Cinesa,news,common,1,
Europe,Cinesa,press release,common,1,
Europe,Cinesa,CinemaCon,common,1,
Europe,Cinesa,opening,common,1,
Europe,Cinesa,launch,common,1,
Europe,Cinesa,expansion,common,1,
Europe,Cinesa,partnership,common,1,
Europe,Cinesa,earnings,common,1,
Europe,Cinesa,premium format,common,1,
Europe,Cinesa,renovation,투자/확장,1,
Europe,UCI Cinemas,news,common,1,
Europe,UCI Cinemas,press release,common,1,
Europe,UCI Cinemas,CinemaCon,common,1,
Europe,UCI Cinemas,opening,common,1,
Europe,UCI Cinemas,launch,common,1,
Europe,UCI Cinemas,expansion,common,1,
Europe,UCI Cinemas,partnership,common,1,
Europe,UCI Cinemas,earnings,common,1,
Europe,UCI Cinemas,premium format,common,1,
Europe,UCI Cinemas,upgrade,투자/확장,1,
Europe,Ster-Kinekor Europe Seed,news,common,1,
Europe,Ster-Kinekor Europe Seed,press release,common,1,
Europe,Ster-Kinekor Europe Seed,CinemaCon,common,1,
Europe,Ster-Kinekor Europe Seed,opening,common,1,
Europe,Ster-Kinekor Europe Seed,launch,common,1,
Europe,Ster-Kinekor Europe Seed,expansion,common,1,
Europe,Ster-Kinekor Europe Seed,partnership,common,1,
Europe,Ster-Kinekor Europe Seed,earnings,common,1,
Europe,Ster-Kinekor Europe Seed,premium format,common,1,
Europe,Ster-Kinekor Europe Seed,recliner,투자/확장,1,
Europe,Paribu Cineverse,news,common,1,
Europe,Paribu Cineverse,press release,common,1,
Europe,Paribu Cineverse,CinemaCon,common,1,
Europe,Paribu Cineverse,opening,common,1,
Europe,Paribu Cineverse,launch,common,1,
Europe,Paribu Cineverse,expansion,common,1,
Europe,Paribu Cineverse,partnership,common,1,
Europe,Paribu Cineverse,earnings,common,1,
Europe,Paribu Cineverse,premium format,common,1,
Europe,Paribu Cineverse,premium large format,투자/확장,1,
Europe,Yes Planet,news,common,1,
Europe,Yes Planet,press release,common,1,
Europe,Yes Planet,CinemaCon,common,1,
Europe,Yes Planet,opening,common,1,
Europe,Yes Planet,launch,common,1,
Europe,Yes Planet,expansion,common,1,
Europe,Yes Planet,partnership,common,1,
Europe,Yes Planet,earnings,common,1,
Europe,Yes Planet,premium format,common,1,
Europe,Yes Planet,PLF,투자/확장,1,
Europe,Forum Cinemas,news,common,1,
Europe,Forum Cinemas,press release,common,1,
Europe,Forum Cinemas,CinemaCon,common,1,
Europe,Forum Cinemas,opening,common,1,
Europe,Forum Cinemas,launch,common,1,
Europe,Forum Cinemas,expansion,common,1,
Europe,Forum Cinemas,partnership,common,1,
Europe,Forum Cinemas,earnings,common,1,
Europe,Forum Cinemas,premium format,common,1,
Europe,Forum Cinemas,IMAX,포맷,1,
Europe,Apollo Kino,news,common,1,
Europe,Apollo Kino,press release,common,1,
Europe,Apollo Kino,CinemaCon,common,1,
Europe,Apollo Kino,opening,common,1,
Europe,Apollo Kino,launch,common,1,
Europe,Apollo Kino,expansion,common,1,
Europe,Apollo Kino,partnership,common,1,
Europe,Apollo Kino,earnings,common,1,
Europe,Apollo Kino,premium format,common,1,
Europe,Apollo Kino,Dolby Cinema,포맷,1,
Europe,CineStar,news,common,1,
Europe,CineStar,press release,common,1,
Europe,CineStar,CinemaCon,common,1,
Europe,CineStar,opening,common,1,
Europe,CineStar,launch,common,1,
Europe,CineStar,expansion,common,1,
Europe,CineStar,partnership,common,1,
Europe,CineStar,earnings,common,1,
Europe,CineStar,premium format,common,1,
Europe,CineStar,ScreenX,포맷,1,
Europe,Palace Cinemas Europe Seed,news,common,1,
Europe,Palace Cinemas Europe Seed,press release,common,1,
Europe,Palace Cinemas Europe Seed,CinemaCon,common,1,
Europe,Palace Cinemas Europe Seed,opening,common,1,
Europe,Palace Cinemas Europe Seed,launch,common,1,
Europe,Palace Cinemas Europe Seed,expansion,common,1,
Europe,Palace Cinemas Europe Seed,partnership,common,1,
Europe,Palace Cinemas Europe Seed,earnings,common,1,
Europe,Palace Cinemas Europe Seed,premium format,common,1,
Europe,Palace Cinemas Europe Seed,4DX,포맷,1,
Latin America,Cinépolis,news,common,1,
Latin America,Cinépolis,press release,common,1,
Latin America,Cinépolis,CinemaCon,common,1,
Latin America,Cinépolis,opening,common,1,
Latin America,Cinépolis,launch,common,1,
Latin America,Cinépolis,expansion,common,1,
Latin America,Cinépolis,partnership,common,1,
Latin America,Cinépolis,earnings,common,1,
Latin America,Cinépolis,premium format,common,1,
Latin America,Cinépolis,D-BOX,포맷,1,
Latin America,Cinemark,news,common,1,
Latin America,Cinemark,press release,common,1,
Latin America,Cinemark,CinemaCon,common,1,
Latin America,Cinemark,opening,common,1,
Latin America,Cinemark,launch,common,1,
Latin America,Cinemark,expansion,common,1,
Latin America,Cinemark,partnership,common,1,
Latin America,Cinemark,earnings,common,1,
Latin America,Cinemark,premium format,common,1,
Latin America,Cinemark,XD,포맷,1,
Latin America,Cinemex,news,common,1,
Latin America,Cinemex,press release,common,1,
Latin America,Cinemex,CinemaCon,common,1,
Latin America,Cinemex,opening,common,1,
Latin America,Cinemex,launch,common,1,
Latin America,Cinemex,expansion,common,1,
Latin America,Cinemex,partnership,common,1,
Latin America,Cinemex,earnings,common,1,
Latin America,Cinemex,premium format,common,1,
Latin America,Cinemex,RPX,포맷,1,
Latin America,Cinemark Hoyts,news,common,1,
Latin America,Cinemark Hoyts,press release,common,1,
Latin America,Cinemark Hoyts,CinemaCon,common,1,
Latin America,Cinemark Hoyts,opening,common,1,
Latin America,Cinemark Hoyts,launch,common,1,
Latin America,Cinemark Hoyts,expansion,common,1,
Latin America,Cinemark Hoyts,partnership,common,1,
Latin America,Cinemark Hoyts,earnings,common,1,
Latin America,Cinemark Hoyts,premium format,common,1,
Latin America,Cinemark Hoyts,ICE,포맷,1,
Latin America,Cine Colombia,news,common,1,
Latin America,Cine Colombia,press release,common,1,
Latin America,Cine Colombia,CinemaCon,common,1,
Latin America,Cine Colombia,opening,common,1,
Latin America,Cine Colombia,launch,common,1,
Latin America,Cine Colombia,expansion,common,1,
Latin America,Cine Colombia,partnership,common,1,
Latin America,Cine Colombia,earnings,common,1,
Latin America,Cine Colombia,premium format,common,1,
Latin America,Cine Colombia,VIP,포맷,1,
Latin America,Royal Films,news,common,1,
Latin America,Royal Films,press release,common,1,
Latin America,Royal Films,CinemaCon,common,1,
Latin America,Royal Films,opening,common,1,
Latin America,Royal Films,launch,common,1,
Latin America,Royal Films,expansion,common,1,
Latin America,Royal Films,partnership,common,1,
Latin America,Royal Films,earnings,common,1,
Latin America,Royal Films,premium format,common,1,
Latin America,Royal Films,premium format,포맷,1,
Latin America,Procinal,news,common,1,
Latin America,Procinal,press release,common,1,
Latin America,Procinal,CinemaCon,common,1,
Latin America,Procinal,opening,common,1,
Latin America,Procinal,launch,common,1,
Latin America,Procinal,expansion,common,1,
Latin America,Procinal,partnership,common,1,
Latin America,Procinal,earnings,common,1,
Latin America,Procinal,premium format,common,1,
Latin America,Procinal,premium screen,포맷,1,
Latin America,Caribbean Cinemas,news,common,1,
Latin America,Caribbean Cinemas,press release,common,1,
Latin America,Caribbean Cinemas,CinemaCon,common,1,
Latin America,Caribbean Cinemas,opening,common,1,
Latin America,Caribbean Cinemas,launch,common,1,
Latin America,Caribbean Cinemas,expansion,common,1,
Latin America,Caribbean Cinemas,partnership,common,1,
Latin America,Caribbean Cinemas,earnings,common,1,
Latin America,Caribbean Cinemas,premium format,common,1,
Latin America,Caribbean Cinemas,immersive cinema,포맷,1,
Latin America,Kinoplex,news,common,1,
Latin America,Kinoplex,press release,common,1,
Latin America,Kinoplex,CinemaCon,common,1,
Latin America,Kinoplex,opening,common,1,
Latin America,Kinoplex,launch,common,1,
Latin America,Kinoplex,expansion,common,1,
Latin America,Kinoplex,partnership,common,1,
Latin America,Kinoplex,earnings,common,1,
Latin America,Kinoplex,premium format,common,1,
Latin America,Cines Unidos,news,common,1,
Latin America,Cines Unidos,press release,common,1,
Latin America,Cines Unidos,CinemaCon,common,1,
Latin America,Cines Unidos,opening,common,1,
Latin America,Cines Unidos,launch,common,1,
Latin America,Cines Unidos,expansion,common,1,
Latin America,Cines Unidos,partnership,common,1,
Latin America,Cines Unidos,earnings,common,1,
Latin America,Cines Unidos,premium format,common,1,
Latin America,UVK Multicines,news,common,1,
Latin America,UVK Multicines,press release,common,1,
Latin America,UVK Multicines,CinemaCon,common,1,
Latin America,UVK Multicines,opening,common,1,
Latin America,UVK Multicines,launch,common,1,
Latin America,UVK Multicines,expansion,common,1,
Latin America,UVK Multicines,partnership,common,1,
Latin America,UVK Multicines,earnings,common,1,
Latin America,UVK Multicines,premium format,common,1,
Latin America,Cineplanet,news,common,1,
Latin America,Cineplanet,press release,common,1,
Latin America,Cineplanet,CinemaCon,common,1,
Latin America,Cineplanet,opening,common,1,
Latin America,Cineplanet,launch,common,1,
Latin America,Cineplanet,expansion,common,1,
Latin America,Cineplanet,partnership,common,1,
Latin America,Cineplanet,earnings,common,1,
Latin America,Cineplanet,premium format,common,1,
Latin America,Cinemacenter,news,common,1,
Latin America,Cinemacenter,press release,common,1,
Latin America,Cinemacenter,CinemaCon,common,1,
Latin America,Cinemacenter,opening,common,1,
Latin America,Cinemacenter,launch,common,1,
Latin America,Cinemacenter,expansion,common,1,
Latin America,Cinemacenter,partnership,common,1,
Latin America,Cinemacenter,earnings,common,1,
Latin America,Cinemacenter,premium format,common,1,
Latin America,Multicines,news,common,1,
Latin America,Multicines,press release,common,1,
Latin America,Multicines,CinemaCon,common,1,
Latin America,Multicines,opening,common,1,
Latin America,Multicines,launch,common,1,
Latin America,Multicines,expansion,common,1,
Latin America,Multicines,partnership,common,1,
Latin America,Multicines,earnings,common,1,
Latin America,Multicines,premium format,common,1,
Latin America,Moviecom,news,common,1,
Latin America,Moviecom,press release,common,1,
Latin America,Moviecom,CinemaCon,common,1,
Latin America,Moviecom,opening,common,1,
Latin America,Moviecom,launch,common,1,
Latin America,Moviecom,expansion,common,1,
Latin America,Moviecom,partnership,common,1,
Latin America,Moviecom,earnings,common,1,
Latin America,Moviecom,premium format,common,1,
Latin America,Cine Hoyts Chile,news,common,1,
Latin America,Cine Hoyts Chile,press release,common,1,
Latin America,Cine Hoyts Chile,CinemaCon,common,1,
Latin America,Cine Hoyts Chile,opening,common,1,
Latin America,Cine Hoyts Chile,launch,common,1,
Latin America,Cine Hoyts Chile,expansion,common,1,
Latin America,Cine Hoyts Chile,partnership,common,1,
Latin America,Cine Hoyts Chile,earnings,common,1,
Latin America,Cine Hoyts Chile,premium format,common,1,
Latin America,Cinepolis VIP LATAM,news,common,1,
Latin America,Cinepolis VIP LATAM,press release,common,1,
Latin America,Cinepolis VIP LATAM,CinemaCon,common,1,
Latin America,Cinepolis VIP LATAM,opening,common,1,
Latin America,Cinepolis VIP LATAM,launch,common,1,
Latin America,Cinepolis VIP LATAM,expansion,common,1,
Latin America,Cinepolis VIP LATAM,partnership,common,1,
Latin America,Cinepolis VIP LATAM,earnings,common,1,
Latin America,Cinepolis VIP LATAM,premium format,common,1,
Latin America,NCG Cinemas LATAM Seed,news,common,1,
Latin America,NCG Cinemas LATAM Seed,press release,common,1,
Latin America,NCG Cinemas LATAM Seed,CinemaCon,common,1,
Latin America,NCG Cinemas LATAM Seed,opening,common,1,
Latin America,NCG Cinemas LATAM Seed,launch,common,1,
Latin America,NCG Cinemas LATAM Seed,expansion,common,1,
Latin America,NCG Cinemas LATAM Seed,partnership,common,1,
Latin America,NCG Cinemas LATAM Seed,earnings,common,1,
Latin America,NCG Cinemas LATAM Seed,premium format,common,1,
Latin America,CineStar Peru,news,common,1,
Latin America,CineStar Peru,press release,common,1,
Latin America,CineStar Peru,CinemaCon,common,1,
Latin America,CineStar Peru,opening,common,1,
Latin America,CineStar Peru,launch,common,1,
Latin America,CineStar Peru,expansion,common,1,
Latin America,CineStar Peru,partnership,common,1,
Latin America,CineStar Peru,earnings,common,1,
Latin America,CineStar Peru,premium format,common,1,
Latin America,Planet Cinema LATAM Seed,news,common,1,
Latin America,Planet Cinema LATAM Seed,press release,common,1,
Latin America,Planet Cinema LATAM Seed,CinemaCon,common,1,
Latin America,Planet Cinema LATAM Seed,opening,common,1,
Latin America,Planet Cinema LATAM Seed,launch,common,1,
Latin America,Planet Cinema LATAM Seed,expansion,common,1,
Latin America,Planet Cinema LATAM Seed,partnership,common,1,
Latin America,Planet Cinema LATAM Seed,earnings,common,1,
Latin America,Planet Cinema LATAM Seed,premium format,common,1,
APAC,CGV,news,common,1,
APAC,CGV,press release,common,1,
APAC,CGV,CinemaCon,common,1,
APAC,CGV,opening,common,1,
APAC,CGV,launch,common,1,
APAC,CGV,expansion,common,1,
APAC,CGV,partnership,common,1,
APAC,CGV,earnings,common,1,
APAC,CGV,premium format,common,1,
APAC,Lotte Cinema,news,common,1,
APAC,Lotte Cinema,press release,common,1,
APAC,Lotte Cinema,CinemaCon,common,1,
APAC,Lotte Cinema,opening,common,1,
APAC,Lotte Cinema,launch,common,1,
APAC,Lotte Cinema,expansion,common,1,
APAC,Lotte Cinema,partnership,common,1,
APAC,Lotte Cinema,earnings,common,1,
APAC,Lotte Cinema,premium format,common,1,
APAC,Megabox,news,common,1,
APAC,Megabox,press release,common,1,
APAC,Megabox,CinemaCon,common,1,
APAC,Megabox,opening,common,1,
APAC,Megabox,launch,common,1,
APAC,Megabox,expansion,common,1,
APAC,Megabox,partnership,common,1,
APAC,Megabox,earnings,common,1,
APAC,Megabox,premium format,common,1,
APAC,PVR INOX,news,common,1,
APAC,PVR INOX,press release,common,1,
APAC,PVR INOX,CinemaCon,common,1,
APAC,PVR INOX,opening,common,1,
APAC,PVR INOX,launch,common,1,
APAC,PVR INOX,expansion,common,1,
APAC,PVR INOX,partnership,common,1,
APAC,PVR INOX,earnings,common,1,
APAC,PVR INOX,premium format,common,1,
APAC,Cinépolis India,news,common,1,
APAC,Cinépolis India,press release,common,1,
APAC,Cinépolis India,CinemaCon,common,1,
APAC,Cinépolis India,opening,common,1,
APAC,Cinépolis India,launch,common,1,
APAC,Cinépolis India,expansion,common,1,
APAC,Cinépolis India,partnership,common,1,
APAC,Cinépolis India,earnings,common,1,
APAC,Cinépolis India,premium format,common,1,
APAC,Wanda Film,news,common,1,
APAC,Wanda Film,press release,common,1,
APAC,Wanda Film,CinemaCon,common,1,
APAC,Wanda Film,opening,common,1,
APAC,Wanda Film,launch,common,1,
APAC,Wanda Film,expansion,common,1,
APAC,Wanda Film,partnership,common,1,
APAC,Wanda Film,earnings,common,1,
APAC,Wanda Film,premium format,common,1,
APAC,Shanghai United Cinema Circuit,news,common,1,
APAC,Shanghai United Cinema Circuit,press release,common,1,
APAC,Shanghai United Cinema Circuit,CinemaCon,common,1,
APAC,Shanghai United Cinema Circuit,opening,common,1,
APAC,Shanghai United Cinema Circuit,launch,common,1,
APAC,Shanghai United Cinema Circuit,expansion,common,1,
APAC,Shanghai United Cinema Circuit,partnership,common,1,
APAC,Shanghai United Cinema Circuit,earnings,common,1,
APAC,Shanghai United Cinema Circuit,premium format,common,1,
APAC,Jinyi Cinemas,news,common,1,
APAC,Jinyi Cinemas,press release,common,1,
APAC,Jinyi Cinemas,CinemaCon,common,1,
APAC,Jinyi Cinemas,opening,common,1,
APAC,Jinyi Cinemas,launch,common,1,
APAC,Jinyi Cinemas,expansion,common,1,
APAC,Jinyi Cinemas,partnership,common,1,
APAC,Jinyi Cinemas,earnings,common,1,
APAC,Jinyi Cinemas,premium format,common,1,
APAC,Dadi Cinema,news,common,1,
APAC,Dadi Cinema,press release,common,1,
APAC,Dadi Cinema,CinemaCon,common,1,
APAC,Dadi Cinema,opening,common,1,
APAC,Dadi Cinema,launch,common,1,
APAC,Dadi Cinema,expansion,common,1,
APAC,Dadi Cinema,partnership,common,1,
APAC,Dadi Cinema,earnings,common,1,
APAC,Dadi Cinema,premium format,common,1,
APAC,Bestar Cinemas,news,common,1,
APAC,Bestar Cinemas,press release,common,1,
APAC,Bestar Cinemas,CinemaCon,common,1,
APAC,Bestar Cinemas,opening,common,1,
APAC,Bestar Cinemas,launch,common,1,
APAC,Bestar Cinemas,expansion,common,1,
APAC,Bestar Cinemas,partnership,common,1,
APAC,Bestar Cinemas,earnings,common,1,
APAC,Bestar Cinemas,premium format,common,1,
APAC,TOHO Cinemas,news,common,1,
APAC,TOHO Cinemas,press release,common,1,
APAC,TOHO Cinemas,CinemaCon,common,1,
APAC,TOHO Cinemas,opening,common,1,
APAC,TOHO Cinemas,launch,common,1,
APAC,TOHO Cinemas,expansion,common,1,
APAC,TOHO Cinemas,partnership,common,1,
APAC,TOHO Cinemas,earnings,common,1,
APAC,TOHO Cinemas,premium format,common,1,
APAC,AEON Cinema,news,common,1,
APAC,AEON Cinema,press release,common,1,
APAC,AEON Cinema,CinemaCon,common,1,
APAC,AEON Cinema,opening,common,1,
APAC,AEON Cinema,launch,common,1,
APAC,AEON Cinema,expansion,common,1,
APAC,AEON Cinema,partnership,common,1,
APAC,AEON Cinema,earnings,common,1,
APAC,AEON Cinema,premium format,common,1,
APAC,United Cinemas,news,common,1,
APAC,United Cinemas,press release,common,1,
APAC,United Cinemas,CinemaCon,common,1,
APAC,United Cinemas,opening,common,1,
APAC,United Cinemas,launch,common,1,
APAC,United Cinemas,expansion,common,1,
APAC,United Cinemas,partnership,common,1,
APAC,United Cinemas,earnings,common,1,
APAC,United Cinemas,premium format,common,1,
APAC,Shochiku Multiplex Theatres,news,common,1,
APAC,Shochiku Multiplex Theatres,press release,common,1,
APAC,Shochiku Multiplex Theatres,CinemaCon,common,1,
APAC,Shochiku Multiplex Theatres,opening,common,1,
APAC,Shochiku Multiplex Theatres,launch,common,1,
APAC,Shochiku Multiplex Theatres,expansion,common,1,
APAC,Shochiku Multiplex Theatres,partnership,common,1,
APAC,Shochiku Multiplex Theatres,earnings,common,1,
APAC,Shochiku Multiplex Theatres,premium format,common,1,
APAC,109 Cinemas,news,common,1,
APAC,109 Cinemas,press release,common,1,
APAC,109 Cinemas,CinemaCon,common,1,
APAC,109 Cinemas,opening,common,1,
APAC,109 Cinemas,launch,common,1,
APAC,109 Cinemas,expansion,common,1,
APAC,109 Cinemas,partnership,common,1,
APAC,109 Cinemas,earnings,common,1,
APAC,109 Cinemas,premium format,common,1,
APAC,MOVIX,news,common,1,
APAC,MOVIX,press release,common,1,
APAC,MOVIX,CinemaCon,common,1,
APAC,MOVIX,opening,common,1,
APAC,MOVIX,launch,common,1,
APAC,MOVIX,expansion,common,1,
APAC,MOVIX,partnership,common,1,
APAC,MOVIX,earnings,common,1,
APAC,MOVIX,premium format,common,1,
APAC,Event Cinemas,news,common,1,
APAC,Event Cinemas,press release,common,1,
APAC,Event Cinemas,CinemaCon,common,1,
APAC,Event Cinemas,opening,common,1,
APAC,Event Cinemas,launch,common,1,
APAC,Event Cinemas,expansion,common,1,
APAC,Event Cinemas,partnership,common,1,
APAC,Event Cinemas,earnings,common,1,
APAC,Event Cinemas,premium format,common,1,
APAC,HOYTS,news,common,1,
APAC,HOYTS,press release,common,1,
APAC,HOYTS,CinemaCon,common,1,
APAC,HOYTS,opening,common,1,
APAC,HOYTS,launch,common,1,
APAC,HOYTS,expansion,common,1,
APAC,HOYTS,partnership,common,1,
APAC,HOYTS,earnings,common,1,
APAC,HOYTS,premium format,common,1,
APAC,Village Cinemas,news,common,1,
APAC,Village Cinemas,press release,common,1,
APAC,Village Cinemas,CinemaCon,common,1,
APAC,Village Cinemas,opening,common,1,
APAC,Village Cinemas,launch,common,1,
APAC,Village Cinemas,expansion,common,1,
APAC,Village Cinemas,partnership,common,1,
APAC,Village Cinemas,earnings,common,1,
APAC,Village Cinemas,premium format,common,1,
APAC,Golden Screen Cinemas,news,common,1,
APAC,Golden Screen Cinemas,press release,common,1,
APAC,Golden Screen Cinemas,CinemaCon,common,1,
APAC,Golden Screen Cinemas,opening,common,1,
APAC,Golden Screen Cinemas,launch,common,1,
APAC,Golden Screen Cinemas,expansion,common,1,
APAC,Golden Screen Cinemas,partnership,common,1,
APAC,Golden Screen Cinemas,earnings,common,1,
APAC,Golden Screen Cinemas,premium format,common,1,
APAC,TGV Cinemas,news,common,1,
APAC,TGV Cinemas,press release,common,1,
APAC,TGV Cinemas,CinemaCon,common,1,
APAC,TGV Cinemas,opening,common,1,
APAC,TGV Cinemas,launch,common,1,
APAC,TGV Cinemas,expansion,common,1,
APAC,TGV Cinemas,partnership,common,1,
APAC,TGV Cinemas,earnings,common,1,
APAC,TGV Cinemas,premium format,common,1,
APAC,MBO Cinemas,news,common,1,
APAC,MBO Cinemas,press release,common,1,
APAC,MBO Cinemas,CinemaCon,common,1,
APAC,MBO Cinemas,opening,common,1,
APAC,MBO Cinemas,launch,common,1,
APAC,MBO Cinemas,expansion,common,1,
APAC,MBO Cinemas,partnership,common,1,
APAC,MBO Cinemas,earnings,common,1,
APAC,MBO Cinemas,premium format,common,1,
APAC,Cathay Cineplexes,news,common,1,
APAC,Cathay Cineplexes,press release,common,1,
APAC,Cathay Cineplexes,CinemaCon,common,1,
APAC,Cathay Cineplexes,opening,common,1,
APAC,Cathay Cineplexes,launch,common,1,
APAC,Cathay Cineplexes,expansion,common,1,
APAC,Cathay Cineplexes,partnership,common,1,
APAC,Cathay Cineplexes,earnings,common,1,
APAC,Cathay Cineplexes,premium format,common,1,
APAC,Major Cineplex,news,common,1,
APAC,Major Cineplex,press release,common,1,
APAC,Major Cineplex,CinemaCon,common,1,
APAC,Major Cineplex,opening,common,1,
APAC,Major Cineplex,launch,common,1,
APAC,Major Cineplex,expansion,common,1,
APAC,Major Cineplex,partnership,common,1,
APAC,Major Cineplex,earnings,common,1,
APAC,Major Cineplex,premium format,common,1,
APAC,SF Cinema,news,common,1,
APAC,SF Cinema,press release,common,1,
APAC,SF Cinema,CinemaCon,common,1,
APAC,SF Cinema,opening,common,1,
APAC,SF Cinema,launch,common,1,
APAC,SF Cinema,expansion,common,1,
APAC,SF Cinema,partnership,common,1,
APAC,SF Cinema,earnings,common,1,
APAC,SF Cinema,premium format,common,1,
APAC,Beta Cinemas,news,common,1,
APAC,Beta Cinemas,press release,common,1,
APAC,Beta Cinemas,CinemaCon,common,1,
APAC,Beta Cinemas,opening,common,1,
APAC,Beta Cinemas,launch,common,1,
APAC,Beta Cinemas,expansion,common,1,
APAC,Beta Cinemas,partnership,common,1,
APAC,Beta Cinemas,earnings,common,1,
APAC,Beta Cinemas,premium format,common,1,
APAC,INOX Leisure,news,common,1,
APAC,INOX Leisure,press release,common,1,
APAC,INOX Leisure,CinemaCon,common,1,
APAC,INOX Leisure,opening,common,1,
APAC,INOX Leisure,launch,common,1,
APAC,INOX Leisure,expansion,common,1,
APAC,INOX Leisure,partnership,common,1,
APAC,INOX Leisure,earnings,common,1,
APAC,INOX Leisure,premium format,common,1,
APAC,Miraj Cinemas,news,common,1,
APAC,Miraj Cinemas,press release,common,1,
APAC,Miraj Cinemas,CinemaCon,common,1,
APAC,Miraj Cinemas,opening,common,1,
APAC,Miraj Cinemas,launch,common,1,
APAC,Miraj Cinemas,expansion,common,1,
APAC,Miraj Cinemas,partnership,common,1,
APAC,Miraj Cinemas,earnings,common,1,
APAC,Miraj Cinemas,premium format,common,1,
APAC,City Pride,news,common,1,
APAC,City Pride,press release,common,1,
APAC,City Pride,CinemaCon,common,1,
APAC,City Pride,opening,common,1,
APAC,City Pride,launch,common,1,
APAC,City Pride,expansion,common,1,
APAC,City Pride,partnership,common,1,
APAC,City Pride,earnings,common,1,
APAC,City Pride,premium format,common,1,
Middle East & Africa,VOX Cinemas,news,common,1,
Middle East & Africa,VOX Cinemas,press release,common,1,
Middle East & Africa,VOX Cinemas,CinemaCon,common,1,
Middle East & Africa,VOX Cinemas,opening,common,1,
Middle East & Africa,VOX Cinemas,launch,common,1,
Middle East & Africa,VOX Cinemas,expansion,common,1,
Middle East & Africa,VOX Cinemas,partnership,common,1,
Middle East & Africa,VOX Cinemas,earnings,common,1,
Middle East & Africa,VOX Cinemas,premium format,common,1,
Middle East & Africa,muvi Cinemas,news,common,1,
Middle East & Africa,muvi Cinemas,press release,common,1,
Middle East & Africa,muvi Cinemas,CinemaCon,common,1,
Middle East & Africa,muvi Cinemas,opening,common,1,
Middle East & Africa,muvi Cinemas,launch,common,1,
Middle East & Africa,muvi Cinemas,expansion,common,1,
Middle East & Africa,muvi Cinemas,partnership,common,1,
Middle East & Africa,muvi Cinemas,earnings,common,1,
Middle East & Africa,muvi Cinemas,premium format,common,1,
Middle East & Africa,AMC Cinemas Saudi,news,common,1,
Middle East & Africa,AMC Cinemas Saudi,press release,common,1,
Middle East & Africa,AMC Cinemas Saudi,CinemaCon,common,1,
Middle East & Africa,AMC Cinemas Saudi,opening,common,1,
Middle East & Africa,AMC Cinemas Saudi,launch,common,1,
Middle East & Africa,AMC Cinemas Saudi,expansion,common,1,
Middle East & Africa,AMC Cinemas Saudi,partnership,common,1,
Middle East & Africa,AMC Cinemas Saudi,earnings,common,1,
Middle East & Africa,AMC Cinemas Saudi,premium format,common,1,
Middle East & Africa,Empire Cinemas,news,common,1,
Middle East & Africa,Empire Cinemas,press release,common,1,
Middle East & Africa,Empire Cinemas,CinemaCon,common,1,
Middle East & Africa,Empire Cinemas,opening,common,1,
Middle East & Africa,Empire Cinemas,launch,common,1,
Middle East & Africa,Empire Cinemas,expansion,common,1,
Middle East & Africa,Empire Cinemas,partnership,common,1,
Middle East & Africa,Empire Cinemas,earnings,common,1,
Middle East & Africa,Empire Cinemas,premium format,common,1,
Middle East & Africa,Novo Cinemas,news,common,1,
Middle East & Africa,Novo Cinemas,press release,common,1,
Middle East & Africa,Novo Cinemas,CinemaCon,common,1,
Middle East & Africa,Novo Cinemas,opening,common,1,
Middle East & Africa,Novo Cinemas,launch,common,1,
Middle East & Africa,Novo Cinemas,expansion,common,1,
Middle East & Africa,Novo Cinemas,partnership,common,1,
Middle East & Africa,Novo Cinemas,earnings,common,1,
Middle East & Africa,Novo Cinemas,premium format,common,1,
Middle East & Africa,Reel Cinemas,news,common,1,
Middle East & Africa,Reel Cinemas,press release,common,1,
Middle East & Africa,Reel Cinemas,CinemaCon,common,1,
Middle East & Africa,Reel Cinemas,opening,common,1,
Middle East & Africa,Reel Cinemas,launch,common,1,
Middle East & Africa,Reel Cinemas,expansion,common,1,
Middle East & Africa,Reel Cinemas,partnership,common,1,
Middle East & Africa,Reel Cinemas,earnings,common,1,
Middle East & Africa,Reel Cinemas,premium format,common,1,
Middle East & Africa,Grand Cinemas,news,common,1,
Middle East & Africa,Grand Cinemas,press release,common,1,
Middle East & Africa,Grand Cinemas,CinemaCon,common,1,
Middle East & Africa,Grand Cinemas,opening,common,1,
Middle East & Africa,Grand Cinemas,launch,common,1,
Middle East & Africa,Grand Cinemas,expansion,common,1,
Middle East & Africa,Grand Cinemas,partnership,common,1,
Middle East & Africa,Grand Cinemas,earnings,common,1,
Middle East & Africa,Grand Cinemas,premium format,common,1,
Middle East & Africa,Cinépolis Gulf,news,common,1,
Middle East & Africa,Cinépolis Gulf,press release,common,1,
Middle East & Africa,Cinépolis Gulf,CinemaCon,common,1,
Middle East & Africa,Cinépolis Gulf,opening,common,1,
Middle East & Africa,Cinépolis Gulf,launch,common,1,
Middle East & Africa,Cinépolis Gulf,expansion,common,1,
Middle East & Africa,Cinépolis Gulf,partnership,common,1,
Middle East & Africa,Cinépolis Gulf,earnings,common,1,
Middle East & Africa,Cinépolis Gulf,premium format,common,1,
Middle East & Africa,Star Cinemas,news,common,1,
Middle East & Africa,Star Cinemas,press release,common,1,
Middle East & Africa,Star Cinemas,CinemaCon,common,1,
Middle East & Africa,Star Cinemas,opening,common,1,
Middle East & Africa,Star Cinemas,launch,common,1,
Middle East & Africa,Star Cinemas,expansion,common,1,
Middle East & Africa,Star Cinemas,partnership,common,1,
Middle East & Africa,Star Cinemas,earnings,common,1,
Middle East & Africa,Star Cinemas,premium format,common,1,
Middle East & Africa,Roxy Cinemas,news,common,1,
Middle East & Africa,Roxy Cinemas,press release,common,1,
Middle East & Africa,Roxy Cinemas,CinemaCon,common,1,
Middle East & Africa,Roxy Cinemas,opening,common,1,
Middle East & Africa,Roxy Cinemas,launch,common,1,
Middle East & Africa,Roxy Cinemas,expansion,common,1,
Middle East & Africa,Roxy Cinemas,partnership,common,1,
Middle East & Africa,Roxy Cinemas,earnings,common,1,
Middle East & Africa,Roxy Cinemas,premium format,common,1,
Middle East & Africa,Flik Cinemas,news,common,1,
Middle East & Africa,Flik Cinemas,press release,common,1,
Middle East & Africa,Flik Cinemas,CinemaCon,common,1,
Middle East & Africa,Flik Cinemas,opening,common,1,
Middle East & Africa,Flik Cinemas,launch,common,1,
Middle East & Africa,Flik Cinemas,expansion,common,1,
Middle East & Africa,Flik Cinemas,partnership,common,1,
Middle East & Africa,Flik Cinemas,earnings,common,1,
Middle East & Africa,Flik Cinemas,premium format,common,1,
Middle East & Africa,Ster-Kinekor,news,common,1,
Middle East & Africa,Ster-Kinekor,press release,common,1,
Middle East & Africa,Ster-Kinekor,CinemaCon,common,1,
Middle East & Africa,Ster-Kinekor,opening,common,1,
Middle East & Africa,Ster-Kinekor,launch,common,1,
Middle East & Africa,Ster-Kinekor,expansion,common,1,
Middle East & Africa,Ster-Kinekor,partnership,common,1,
Middle East & Africa,Ster-Kinekor,earnings,common,1,
Middle East & Africa,Ster-Kinekor,premium format,common,1,
Middle East & Africa,Nu Metro,news,common,1,
Middle East & Africa,Nu Metro,press release,common,1,
Middle East & Africa,Nu Metro,CinemaCon,common,1,
Middle East & Africa,Nu Metro,opening,common,1,
Middle East & Africa,Nu Metro,launch,common,1,
Middle East & Africa,Nu Metro,expansion,common,1,
Middle East & Africa,Nu Metro,partnership,common,1,
Middle East & Africa,Nu Metro,earnings,common,1,
Middle East & Africa,Nu Metro,premium format,common,1,
Middle East & Africa,Silverbird Cinemas,news,common,1,
Middle East & Africa,Silverbird Cinemas,press release,common,1,
Middle East & Africa,Silverbird Cinemas,CinemaCon,common,1,
Middle East & Africa,Silverbird Cinemas,opening,common,1,
Middle East & Africa,Silverbird Cinemas,launch,common,1,
Middle East & Africa,Silverbird Cinemas,expansion,common,1,
Middle East & Africa,Silverbird Cinemas,partnership,common,1,
Middle East & Africa,Silverbird Cinemas,earnings,common,1,
Middle East & Africa,Silverbird Cinemas,premium format,common,1,
Middle East & Africa,Genesis Deluxe Cinemas,news,common,1,
Middle East & Africa,Genesis Deluxe Cinemas,press release,common,1,
Middle East & Africa,Genesis Deluxe Cinemas,CinemaCon,common,1,
Middle East & Africa,Genesis Deluxe Cinemas,opening,common,1,
Middle East & Africa,Genesis Deluxe Cinemas,launch,common,1,
Middle East & Africa,Genesis Deluxe Cinemas,expansion,common,1,
Middle East & Africa,Genesis Deluxe Cinemas,partnership,common,1,
Middle East & Africa,Genesis Deluxe Cinemas,earnings,common,1,
Middle East & Africa,Genesis Deluxe Cinemas,premium format,common,1,
Middle East & Africa,Filmhouse Cinemas,news,common,1,
Middle East & Africa,Filmhouse Cinemas,press release,common,1,
Middle East & Africa,Filmhouse Cinemas,CinemaCon,common,1,
Middle East & Africa,Filmhouse Cinemas,opening,common,1,
Middle East & Africa,Filmhouse Cinemas,launch,common,1,
Middle East & Africa,Filmhouse Cinemas,expansion,common,1,
Middle East & Africa,Filmhouse Cinemas,partnership,common,1,
Middle East & Africa,Filmhouse Cinemas,earnings,common,1,
Middle East & Africa,Filmhouse Cinemas,premium format,common,1,
Middle East & Africa,CanalOlympia,news,common,1,
Middle East & Africa,CanalOlympia,press release,common,1,
Middle East & Africa,CanalOlympia,CinemaCon,common,1,
Middle East & Africa,CanalOlympia,opening,common,1,
Middle East & Africa,CanalOlympia,launch,common,1,
Middle East & Africa,CanalOlympia,expansion,common,1,
Middle East & Africa,CanalOlympia,partnership,common,1,
Middle East & Africa,CanalOlympia,earnings,common,1,
Middle East & Africa,CanalOlympia,premium format,common,1,
Middle East & Africa,Anga Cinemas,news,common,1,
Middle East & Africa,Anga Cinemas,press release,common,1,
Middle East & Africa,Anga Cinemas,CinemaCon,common,1,
Middle East & Africa,Anga Cinemas,opening,common,1,
Middle East & Africa,Anga Cinemas,launch,common,1,
Middle East & Africa,Anga Cinemas,expansion,common,1,
Middle East & Africa,Anga Cinemas,partnership,common,1,
Middle East & Africa,Anga Cinemas,earnings,common,1,
Middle East & Africa,Anga Cinemas,premium format,common,1,
Middle East & Africa,Suncoast Cinemas,news,common,1,
Middle East & Africa,Suncoast Cinemas,press release,common,1,
Middle East & Africa,Suncoast Cinemas,CinemaCon,common,1,
Middle East & Africa,Suncoast Cinemas,opening,common,1,
Middle East & Africa,Suncoast Cinemas,launch,common,1,
Middle East & Africa,Suncoast Cinemas,expansion,common,1,
Middle East & Africa,Suncoast Cinemas,partnership,common,1,
Middle East & Africa,Suncoast Cinemas,earnings,common,1,
Middle East & Africa,Suncoast Cinemas,premium format,common,1,
Middle East & Africa,Empire Entertainment Africa Seed,news,common,1,
Middle East & Africa,Empire Entertainment Africa Seed,press release,common,1,
Middle East & Africa,Empire Entertainment Africa Seed,CinemaCon,common,1,
Middle East & Africa,Empire Entertainment Africa Seed,opening,common,1,
Middle East & Africa,Empire Entertainment Africa Seed,launch,common,1,
Middle East & Africa,Empire Entertainment Africa Seed,expansion,common,1,
Middle East & Africa,Empire Entertainment Africa Seed,partnership,common,1,
Middle East & Africa,Empire Entertainment Africa Seed,earnings,common,1,
Middle East & Africa,Empire Entertainment Africa Seed,premium format,common,1,
극장산업,ALL,theatrical exhibition,common,1,
극장산업,ALL,cinema industry,common,1,
극장산업,ALL,movie theater industry,common,1,
극장산업,ALL,global exhibition market,common,1,
극장산업,ALL,box office recovery,common,1,
극장산업,ALL,global box office,common,1,
극장산업,ALL,international box office,common,1,
극장산업,ALL,theatrical attendance,common,1,
극장산업,ALL,cinema admissions,common,1,
극장산업,ALL,moviegoing trends,common,1,
극장산업,ALL,theater attendance trends,common,1,
극장산업,ALL,cinema recovery,common,1,
극장산업,ALL,exhibition trends,common,1,
극장산업,ALL,circuit expansion,common,1,
극장산업,ALL,cinema chain expansion,common,1,
극장산업,ALL,theater renovation,common,1,
극장산업,ALL,circuit capex,common,1,
극장산업,ALL,premiumization in cinemas,common,1,
프리미엄포맷,ALL,premium cinema,common,1,
프리미엄포맷,ALL,premium large format,common,1,
프리미엄포맷,ALL,PLF,common,1,
프리미엄포맷,ALL,immersive cinema,common,1,
프리미엄포맷,ALL,premium moviegoing experience,common,1,
프리미엄포맷,ALL,motion seating,common,1,
프리미엄포맷,ALL,haptic seating,common,1,
프리미엄포맷,ALL,4D cinema,common,1,
프리미엄포맷,ALL,multi-sensory cinema,common,1,
프리미엄포맷,ALL,cinema technology,common,1,
프리미엄포맷,ALL,premium screen expansion,common,1,
프리미엄포맷,ALL,immersive theater technology,common,1,
콘텐츠,ALL,blockbuster pipeline,common,1,
콘텐츠,ALL,hollywood slate,common,1,
콘텐츠,ALL,film slate,common,1,
콘텐츠,ALL,release calendar,common,1,
콘텐츠,ALL,tentpole films,common,1,
콘텐츠,ALL,event cinema,common,1,
콘텐츠,ALL,alternative content,common,1,
콘텐츠,ALL,concert film,common,1,
콘텐츠,ALL,live event cinema,common,1,
콘텐츠,ALL,anime in theaters,common,1,
콘텐츠,ALL,local language films,common,1,
콘텐츠,ALL,international releases,common,1,
콘텐츠,ALL,content pipeline,common,1,
콘텐츠,ALL,premium format friendly titles,common,1,
관객/소비자,ALL,average ticket price,common,1,
관객/소비자,ALL,ATP,common,1,
관객/소비자,ALL,concession spending,common,1,
관객/소비자,ALL,food and beverage sales,common,1,
관객/소비자,ALL,per patron spending,common,1,
관객/소비자,ALL,consumer spending on entertainment,common,1,
관객/소비자,ALL,out of home entertainment,common,1,
관객/소비자,ALL,experiential entertainment,common,1,
관객/소비자,ALL,premium entertainment demand,common,1,
관객/소비자,ALL,moviegoing behavior,common,1,
재무/투자,ALL,exhibitor liquidity,common,1,
재무/투자,ALL,exhibitor refinancing,common,1,
재무/투자,ALL,cinema debt,common,1,
재무/투자,ALL,theater capex,common,1,
재무/투자,ALL,exhibition leverage,common,1,
재무/투자,ALL,lease liabilities theater,common,1,
재무/투자,ALL,financing environment,common,1,
재무/투자,ALL,interest rates entertainment,common,1,
재무/투자,ALL,credit market conditions,common,1,
재무/투자,ALL,bankruptcy risk exhibitors,common,1,
기술/인접산업,ALL,location based entertainment,common,1,
기술/인접산업,ALL,immersive attractions,common,1,
기술/인접산업,ALL,simulation ride,common,1,
기술/인접산업,ALL,motion simulator,common,1,
기술/인접산업,ALL,sensory effects,common,1,
기술/인접산업,ALL,hdr cinema,common,1,
기술/인접산업,ALL,immersive audio,common,1,
기술/인접산업,ALL,cinematic vr,common,1,
기술/인접산업,ALL,themed entertainment,common,1,
기술/인접산업,ALL,attraction technology,common,1,
지역/거시,ALL,emerging market cinema growth,common,1,
지역/거시,ALL,cinema growth in Middle East,common,1,
지역/거시,ALL,cinema growth in Latin America,common,1,
지역/거시,ALL,cinema growth in Southeast Asia,common,1,
지역/거시,ALL,cross border film demand,common,1,
지역/거시,ALL,entertainment consumption trends,common,1,
지역/거시,ALL,discretionary spending trends,common,1,
지역/거시,ALL,mall traffic trends,common,1,
지역/거시,ALL,commercial real estate foot traffic,common,1,
라이브/이벤트 콘텐츠,ALL,sports broadcasting,common,1,
라이브/이벤트 콘텐츠,ALL,live sports,common,1,
라이브/이벤트 콘텐츠,ALL,live sports screening,common,1,
라이브/이벤트 콘텐츠,ALL,sports live screening,common,1,
라이브/이벤트 콘텐츠,ALL,live event cinema,common,1,
라이브/이벤트 콘텐츠,ALL,event cinema,common,1,
라이브/이벤트 콘텐츠,ALL,concert film,common,1,
라이브/이벤트 콘텐츠,ALL,concert screening,common,1,
라이브/이벤트 콘텐츠,ALL,live concert screening,common,1,
라이브/이벤트 콘텐츠,ALL,performance content,common,1,
라이브/이벤트 콘텐츠,ALL,stage content,common,1,
라이브/이벤트 콘텐츠,ALL,opera in cinemas,common,1,
라이브/이벤트 콘텐츠,ALL,ballet in cinemas,common,1,
K-콘텐츠/K무비,ALL,K-content export,common,1,
K-콘텐츠/K무비,ALL,Korean film export,common,1,
K-콘텐츠/K무비,ALL,Korean content export,common,1,
K-콘텐츠/K무비,ALL,Korean cinema overseas,common,1,
K-콘텐츠/K무비,ALL,Korean films in overseas theaters,common,1,
K-콘텐츠/K무비,ALL,Korean blockbuster overseas release,common,1,
K-콘텐츠/K무비,ALL,local language films,common,1,
K-콘텐츠/K무비,ALL,international releases,common,1,
특별관/프리미엄,ALL,premium cinema,common,1,
특별관/프리미엄,ALL,premium large format,common,1,
특별관/프리미엄,ALL,PLF,common,1,
특별관/프리미엄,ALL,immersive cinema,common,1,
특별관/프리미엄,ALL,premium moviegoing,common,1,
특별관/프리미엄,ALL,premium format,common,1,
특별관/프리미엄,ALL,cinema premiumization,common,1,
특별관/프리미엄,ALL,theater renovation,common,1,
특별관/프리미엄,ALL,premium auditorium,common,1,
특별관/프리미엄,ALL,motion seating,common,1,
특별관/프리미엄,ALL,haptic seating,common,1,
경쟁사,IMAX,IMAX,경쟁사,1,
경쟁사,IMAX,IMAX Exclusive,경쟁사,1,
경쟁사,IMAX,IMAX exclusive theatrical release,경쟁사,1,
경쟁사,IMAX,IMAX partnership,경쟁사,1,
경쟁사,IMAX,IMAX installation,경쟁사,1,
경쟁사,IMAX,IMAX opening,경쟁사,1,
경쟁사,IMAX,IMAX opened,경쟁사,1,
경쟁사,IMAX,IMAX expansion,경쟁사,1,
경쟁사,IMAX,IMAX rollout,경쟁사,1,
경쟁사,IMAX,IMAX signed,경쟁사,1,
경쟁사,IMAX,IMAX backlog,경쟁사,1,
경쟁사,IMAX,IMAX network,경쟁사,1,
경쟁사,IMAX,IMAX alternative content,경쟁사,1,
경쟁사,IMAX,IMAX lineup,경쟁사,1,
경쟁사,IMAX,IMAX slate,경쟁사,1,
경쟁사,IMAX,IMAX release date,경쟁사,1,
경쟁사,IMAX,IMAX filmed for IMAX,경쟁사,1,
경쟁사,IMAX,IMAX shot with IMAX,경쟁사,1,
경쟁사,IMAX,IMAX concert film,경쟁사,1,
경쟁사,IMAX,IMAX live event,경쟁사,1,
경쟁사,IMAX,IMAX earnings,경쟁사,1,
경쟁사,IMAX,IMAX guidance,경쟁사,1,
경쟁사,IMAX,IMAX outlook,경쟁사,1,
경쟁사,IMAX,IMAX investor presentation,경쟁사,1,
경쟁사,IMAX,IMAX shareholder letter,경쟁사,1,
경쟁사,IMAX,IMAX debt,경쟁사,1,
경쟁사,IMAX,IMAX refinancing,경쟁사,1,
경쟁사,IMAX,IMAX liquidity,경쟁사,1,
경쟁사,IMAX,IMAX covenant,경쟁사,1,
경쟁사,IMAX,IMAX maturity,경쟁사,1,
경쟁사,IMAX,IMAX exchangeable notes,경쟁사,1,
경쟁사,IMAX,IMAX convertible notes,경쟁사,1,
경쟁사,Dolby,Dolby,경쟁사,1,
경쟁사,Dolby,Dolby Cinema,경쟁사,1,
경쟁사,Dolby,Dolby Atmos,경쟁사,1,
경쟁사,Dolby,Dolby Vision,경쟁사,1,
경쟁사,Dolby,Dolby Cinema opening,경쟁사,1,
경쟁사,Dolby,Dolby Cinema installation,경쟁사,1,
경쟁사,Dolby,Dolby Cinema launch,경쟁사,1,
경쟁사,Dolby,Dolby Cinema release,경쟁사,1,
경쟁사,Dolby,Dolby Cinema partnership,경쟁사,1,
경쟁사,Dolby,Dolby Cinema rollout,경쟁사,1,
경쟁사,Dolby,Dolby Cinema expansion,경쟁사,1,
경쟁사,Dolby,Dolby Cinema exhibitor,경쟁사,1,
경쟁사,Dolby,mixed in Dolby,경쟁사,1,
경쟁사,Dolby,mastered in Dolby,경쟁사,1,
경쟁사,Dolby,released in Dolby Cinema,경쟁사,1,
경쟁사,Dolby,available in Dolby Cinema,경쟁사,1,
경쟁사,Dolby,Dolby Atmos release,경쟁사,1,
경쟁사,Dolby,Dolby Atmos theatrical,경쟁사,1,
경쟁사,Dolby,Dolby Atmos film,경쟁사,1,
경쟁사,Dolby,Dolby Atmos streaming,경쟁사,1,
경쟁사,Dolby,Dolby Atmos partnership,경쟁사,1,
경쟁사,Dolby,Dolby Vision release,경쟁사,1,
경쟁사,Dolby,Dolby Vision theatrical,경쟁사,1,
경쟁사,Dolby,Dolby Vision film,경쟁사,1,
경쟁사,Dolby,Dolby Vision streaming,경쟁사,1,
경쟁사,Dolby,Dolby alternative content,경쟁사,1,
경쟁사,Dolby,Dolby live event,경쟁사,1,
경쟁사,Dolby,Dolby earnings,경쟁사,1,
경쟁사,Dolby,Dolby guidance,경쟁사,1,
경쟁사,Dolby,Dolby outlook,경쟁사,1,
경쟁사,Dolby,Dolby investor presentation,경쟁사,1,
경쟁사,Dolby,Dolby licensing revenue,경쟁사,1,
경쟁사,Dolby,Dolby device partnership,경쟁사,1,
경쟁사,Dolby,Dolby automotive,경쟁사,1,
경쟁사,Dolby,Dolby gaming,경쟁사,1,
경쟁사,Dolby,Dolby streaming partnership,경쟁사,1,
경쟁사,4DX,4DX,경쟁사,1,
경쟁사,4DX,CJ 4DPLEX,경쟁사,1,
경쟁사,4DX,4DX theater,경쟁사,1,
경쟁사,4DX,4DX cinema,경쟁사,1,
경쟁사,4DX,4DX opening,경쟁사,1,
경쟁사,4DX,4DX installation,경쟁사,1,
경쟁사,4DX,4DX launch,경쟁사,1,
경쟁사,4DX,4DX lineup,경쟁사,1,
경쟁사,4DX,4DX slate,경쟁사,1,
경쟁사,4DX,4DX expansion,경쟁사,1,
경쟁사,4DX,4DX rollout,경쟁사,1,
경쟁사,4DX,4DX signed,경쟁사,1,
경쟁사,4DX,4DX partnership,경쟁사,1,
경쟁사,4DX,4DX exhibitor,경쟁사,1,
경쟁사,4DX,4DX network,경쟁사,1,
경쟁사,4DX,4DX screen,경쟁사,1,
경쟁사,4DX,4DX alternative content,경쟁사,1,
경쟁사,4DX,4DX concert,경쟁사,1,
경쟁사,4DX,4DX live event,경쟁사,1,
경쟁사,4DX,4DX anime,경쟁사,1,
경쟁사,4DX,4DX Hollywood,경쟁사,1,
경쟁사,4DX,4DX local content,경쟁사,1,
경쟁사,4DX,4DX release schedule,경쟁사,1,
경쟁사,4DX,4DX box office,경쟁사,1,
경쟁사,4DX,4DX premium format,경쟁사,1,
경쟁사,4DX,4DX immersive cinema,경쟁사,1,
경쟁사,4DX,4DX motion seat,경쟁사,1,
경쟁사,4DX,4DX environmental effects,경쟁사,1,
경쟁사,4DX,4DPLEX earnings,경쟁사,1,
경쟁사,4DX,4DPLEX guidance,경쟁사,1,
경쟁사,4DX,4DPLEX outlook,경쟁사,1,
경쟁사,4DX,4DPLEX debt,경쟁사,1,
경쟁사,4DX,4DPLEX refinancing,경쟁사,1,
경쟁사,ScreenX,ScreenX,경쟁사,1,
경쟁사,ScreenX,CJ 4DPLEX ScreenX,경쟁사,1,
경쟁사,ScreenX,ScreenX opening,경쟁사,1,
경쟁사,ScreenX,ScreenX installation,경쟁사,1,
경쟁사,ScreenX,ScreenX launch,경쟁사,1,
경쟁사,ScreenX,ScreenX release,경쟁사,1,
경쟁사,ScreenX,ScreenX lineup,경쟁사,1,
경쟁사,ScreenX,ScreenX slate,경쟁사,1,
경쟁사,ScreenX,ScreenX expansion,경쟁사,1,
경쟁사,ScreenX,ScreenX rollout,경쟁사,1,
경쟁사,ScreenX,ScreenX signed,경쟁사,1,
경쟁사,ScreenX,ScreenX partnership,경쟁사,1,
경쟁사,ScreenX,ScreenX exhibitor,경쟁사,1,
경쟁사,ScreenX,ScreenX network,경쟁사,1,
경쟁사,ScreenX,ScreenX panoramic,경쟁사,1,
경쟁사,ScreenX,ScreenX 270 degree,경쟁사,1,
경쟁사,ScreenX,ScreenX alternative content,경쟁사,1,
경쟁사,ScreenX,ScreenX concert,경쟁사,1,
경쟁사,ScreenX,ScreenX live event,경쟁사,1,
경쟁사,ScreenX,ScreenX anime,경쟁사,1,
경쟁사,ScreenX,ScreenX Hollywood,경쟁사,1,
경쟁사,ScreenX,ScreenX local content,경쟁사,1,
경쟁사,ScreenX,ScreenX box office,경쟁사,1,
경쟁사,ScreenX,ScreenX premium format,경쟁사,1,
경쟁사,ScreenX,ScreenX immersive cinema,경쟁사,1,
경쟁사,ScreenX,4DPLEX ScreenX earnings,경쟁사,1,
경쟁사,ScreenX,4DPLEX ScreenX outlook,경쟁사,1,
경쟁사,MX4D,MX4D,경쟁사,1,
경쟁사,MX4D,MediaMation,경쟁사,1,
경쟁사,MX4D,MX4D theater,경쟁사,1,
경쟁사,MX4D,MX4D cinema,경쟁사,1,
경쟁사,MX4D,MX4D opening,경쟁사,1,
경쟁사,MX4D,MX4D installation,경쟁사,1,
경쟁사,MX4D,MX4D launch,경쟁사,1,
경쟁사,MX4D,MX4D expansion,경쟁사,1,
경쟁사,MX4D,MX4D rollout,경쟁사,1,
경쟁사,MX4D,MX4D signed,경쟁사,1,
경쟁사,MX4D,MX4D partnership,경쟁사,1,
경쟁사,MX4D,MX4D exhibitor,경쟁사,1,
경쟁사,MX4D,MX4D network,경쟁사,1,
경쟁사,MX4D,MX4D alternative content,경쟁사,1,
경쟁사,MX4D,MX4D motion seat,경쟁사,1,
경쟁사,MX4D,MX4D environmental effects,경쟁사,1,
경쟁사,MX4D,MX4D immersive cinema,경쟁사,1,
경쟁사,MX4D,MX4D premium format,경쟁사,1,
경쟁사,MX4D,MediaMation debt,경쟁사,1,
경쟁사,MX4D,MediaMation refinancing,경쟁사,1,
경쟁사,MX4D,MediaMation partnership,경쟁사,1,
경쟁사,MX4D,MediaMation attraction,경쟁사,1,
경쟁사,MX4D,MediaMation simulation,경쟁사,1,
경쟁사,D-BOX,D-BOX,경쟁사,1,
경쟁사,D-BOX,D-BOX Technologies,경쟁사,1,
경쟁사,D-BOX,D-BOX theater,경쟁사,1,
경쟁사,D-BOX,D-BOX cinema,경쟁사,1,
경쟁사,D-BOX,D-BOX opening,경쟁사,1,
경쟁사,D-BOX,D-BOX installation,경쟁사,1,
경쟁사,D-BOX,D-BOX launch,경쟁사,1,
경쟁사,D-BOX,D-BOX expansion,경쟁사,1,
경쟁사,D-BOX,D-BOX rollout,경쟁사,1,
경쟁사,D-BOX,D-BOX signed,경쟁사,1,
경쟁사,D-BOX,D-BOX partnership,경쟁사,1,
경쟁사,D-BOX,D-BOX exhibitor,경쟁사,1,
경쟁사,D-BOX,D-BOX network,경쟁사,1,
경쟁사,D-BOX,D-BOX haptic seating,경쟁사,1,
경쟁사,D-BOX,D-BOX motion system,경쟁사,1,
경쟁사,D-BOX,D-BOX immersive seating,경쟁사,1,
경쟁사,D-BOX,D-BOX premium format,경쟁사,1,
경쟁사,D-BOX,D-BOX alternative content,경쟁사,1,
경쟁사,D-BOX,D-BOX gaming,경쟁사,1,
경쟁사,D-BOX,D-BOX simulation,경쟁사,1,
경쟁사,D-BOX,D-BOX racing,경쟁사,1,
경쟁사,D-BOX,D-BOX investor presentation,경쟁사,1,
경쟁사,D-BOX,D-BOX earnings,경쟁사,1,
경쟁사,D-BOX,D-BOX guidance,경쟁사,1,
경쟁사,D-BOX,D-BOX outlook,경쟁사,1,
경쟁사,D-BOX,D-BOX debt,경쟁사,1,
경쟁사,D-BOX,D-BOX refinancing,경쟁사,1,
경쟁사,D-BOX,D-BOX liquidity,경쟁사,1,
경쟁사,D-BOX,D-BOX backlog,경쟁사,1,
경쟁사,D-BOX,D-BOX screens installed,경쟁사,1,
경쟁사,Lumma,Lumma,경쟁사,1,
경쟁사,Lumma,Lumma 4D,경쟁사,1,
경쟁사,Lumma,4D E-Motion,경쟁사,1,
경쟁사,Lumma,Magnify8,경쟁사,1,
경쟁사,Lumma,Lumma opening,경쟁사,1,
경쟁사,Lumma,Lumma installation,경쟁사,1,
경쟁사,Lumma,Lumma launch,경쟁사,1,
경쟁사,Lumma,Lumma expansion,경쟁사,1,
경쟁사,Lumma,Lumma rollout,경쟁사,1,
경쟁사,Lumma,Lumma signed,경쟁사,1,
경쟁사,Lumma,Lumma partnership,경쟁사,1,
경쟁사,Lumma,Lumma exhibitor,경쟁사,1,
경쟁사,Lumma,Lumma network,경쟁사,1,
경쟁사,Lumma,Lumma immersive cinema,경쟁사,1,
경쟁사,Lumma,Lumma motion seat,경쟁사,1,
경쟁사,Lumma,Lumma sensory effects,경쟁사,1,
경쟁사,Lumma,Lumma premium format,경쟁사,1,
경쟁사,Lumma,4D E-Motion opening,경쟁사,1,
경쟁사,Lumma,4D E-Motion installation,경쟁사,1,
경쟁사,Lumma,4D E-Motion launch,경쟁사,1,
경쟁사,Lumma,4D E-Motion rollout,경쟁사,1,
경쟁사,Lumma,4D E-Motion partnership,경쟁사,1,
경쟁사,Lumma,4D E-Motion exhibitor,경쟁사,1,
경쟁사,Lumma,4D E-Motion network,경쟁사,1,
경쟁사,Lumma,Magnify8 opening,경쟁사,1,
경쟁사,Lumma,Magnify8 installation,경쟁사,1,
경쟁사,Lumma,Magnify8 launch,경쟁사,1,
경쟁사,Lumma,Magnify8 rollout,경쟁사,1,
경쟁사,Lumma,Magnify8 partnership,경쟁사,1,
경쟁사,Lumma,Magnify8 exhibitor,경쟁사,1,
경쟁사,Lumma,Magnify8 network,경쟁사,1,
경쟁사,Lumma,Lumma debt,경쟁사,1,
경쟁사,Lumma,Lumma refinancing,경쟁사,1,
글로벌 스튜디오,The Walt Disney Studios,The Walt Disney Studios,글로벌 스튜디오,1,
글로벌 스튜디오,The Walt Disney Studios,slate,글로벌 스튜디오,1,
글로벌 스튜디오,Warner Bros. Pictures,Warner Bros. Pictures,글로벌 스튜디오,1,
글로벌 스튜디오,Warner Bros. Pictures,release calendar,글로벌 스튜디오,1,
글로벌 스튜디오,Universal Pictures,Universal Pictures,글로벌 스튜디오,1,
글로벌 스튜디오,Universal Pictures,tentpole,글로벌 스튜디오,1,
글로벌 스튜디오,Sony Pictures Entertainment,Sony Pictures Entertainment,글로벌 스튜디오,1,
글로벌 스튜디오,Sony Pictures Entertainment,blockbuster pipeline,글로벌 스튜디오,1,
글로벌 스튜디오,Paramount Pictures,Paramount Pictures,글로벌 스튜디오,1,
글로벌 스튜디오,Paramount Pictures,theatrical release,글로벌 스튜디오,1,
글로벌 스튜디오,Lionsgate,Lionsgate,글로벌 스튜디오,1,
글로벌 스튜디오,Lionsgate,IMAX release,글로벌 스튜디오,1,
글로벌 스튜디오,Amazon MGM Studios,Amazon MGM Studios,글로벌 스튜디오,1,
글로벌 스튜디오,Amazon MGM Studios,partnership,글로벌 스튜디오,1,
글로벌 스튜디오,A24,A24,글로벌 스튜디오,1,
글로벌 스튜디오,A24,earnings,글로벌 스튜디오,1,
글로벌 스튜디오,Neon,Neon,글로벌 스튜디오,1,
글로벌 스튜디오,StudioCanal,StudioCanal,글로벌 스튜디오,1,
글로벌 스튜디오,Gaumont,Gaumont,글로벌 스튜디오,1,
글로벌 스튜디오,Pathé Films,Pathé Films,글로벌 스튜디오,1,
글로벌 스튜디오,Legendary Entertainment,Legendary Entertainment,글로벌 스튜디오,1,
글로벌 스튜디오,Skydance Media,Skydance Media,글로벌 스튜디오,1,
글로벌 스튜디오,Blumhouse Productions,Blumhouse Productions,글로벌 스튜디오,1,
글로벌 스튜디오,Illumination,Illumination,글로벌 스튜디오,1,
글로벌 스튜디오,Pixar Animation Studios,Pixar Animation Studios,글로벌 스튜디오,1,
글로벌 스튜디오,Marvel Studios,Marvel Studios,글로벌 스튜디오,1,
글로벌 스튜디오,Lucasfilm,Lucasfilm,글로벌 스튜디오,1,
글로벌 스튜디오,Searchlight Pictures,Searchlight Pictures,글로벌 스튜디오,1,
K배급사,CJ ENM,CJ ENM,K배급사,1,
K배급사,CJ ENM,distribution,K배급사,1,
K배급사,Lotte Entertainment,Lotte Entertainment,K배급사,1,
K배급사,Lotte Entertainment,investment and distribution,K배급사,1,
K배급사,NEW,NEW,K배급사,1,
K배급사,NEW,theatrical release,K배급사,1,
K배급사,Showbox,Showbox,K배급사,1,
K배급사,Showbox,release strategy,K배급사,1,
K배급사,Plus M Entertainment,Plus M Entertainment,K배급사,1,
K배급사,Plus M Entertainment,exclusive release,K배급사,1,
K배급사,By4M Studio,By4M Studio,K배급사,1,
K배급사,By4M Studio,re-release,K배급사,1,
K배급사,Ace Maker Movie Works,Ace Maker Movie Works,K배급사,1,
K배급사,Ace Maker Movie Works,rights,K배급사,1,
K배급사,Movie Rock,Movie Rock,K배급사,1,
K배급사,Movie Rock,principal photography,K배급사,1,
K배급사,Finecut,Finecut,K배급사,1,
K배급사,M-Line Distribution,M-Line Distribution,K배급사,1,
K배급사,KT Alpha,KT Alpha,K배급사,1,
K배급사,Contents Panda,Contents Panda,K배급사,1,
글로벌 배급사,Walt Disney Studios Motion Pictures,Walt Disney Studios Motion Pictures,글로벌 배급사,1,
글로벌 배급사,Warner Bros. Pictures,Warner Bros. Pictures,글로벌 배급사,1,
글로벌 배급사,Universal Pictures,Universal Pictures,글로벌 배급사,1,
글로벌 배급사,Sony Pictures Releasing,Sony Pictures Releasing,글로벌 배급사,1,
글로벌 배급사,Paramount Pictures,Paramount Pictures,글로벌 배급사,1,
글로벌 배급사,Lionsgate,Lionsgate,글로벌 배급사,1,
글로벌 배급사,Amazon MGM Studios Distribution,Amazon MGM Studios Distribution,글로벌 배급사,1,
글로벌 배급사,A24,A24,글로벌 배급사,1,
글로벌 배급사,Neon,Neon,글로벌 배급사,1,
글로벌 배급사,Searchlight Pictures,Searchlight Pictures,글로벌 배급사,1,
글로벌 배급사,Focus Features,Focus Features,글로벌 배급사,1,
글로벌 배급사,StudioCanal,StudioCanal,글로벌 배급사,1,
글로벌 배급사,Pathé Distribution,Pathé Distribution,글로벌 배급사,1,
글로벌 배급사,Gaumont Distribution,Gaumont Distribution,글로벌 배급사,1,
글로벌 배급사,Bleecker Street,Bleecker Street,글로벌 배급사,1,
글로벌 배급사,IFC Films,IFC Films,글로벌 배급사,1,
글로벌 배급사,Mubi,Mubi,글로벌 배급사,1,
글로벌 배급사,Saban Films,Saban Films,글로벌 배급사,1,
글로벌 배급사,Vertical,Vertical,글로벌 배급사,1,
글로벌 배급사,XYZ Films,XYZ Films,글로벌 배급사,1,
엔터,JYP Entertainment,JYP Entertainment,엔터,1,
엔터,JYP Entertainment,theater,엔터,1,
엔터,SM Entertainment,SM Entertainment,엔터,1,
엔터,SM Entertainment,concert film,엔터,1,
엔터,YG Entertainment,YG Entertainment,엔터,1,
엔터,YG Entertainment,Cinema,엔터,1,
엔터,HYBE,HYBE,엔터,1,
